episode_reward_max,episode_reward_min,episode_reward_mean,episode_len_mean,episodes_this_iter,num_healthy_workers,num_agent_steps_sampled,num_agent_steps_trained,num_env_steps_sampled,num_env_steps_trained,num_env_steps_sampled_this_iter,num_env_steps_trained_this_iter,timesteps_total,agent_timesteps_total,done,episodes_total,training_iteration,trial_id,experiment_id,date,timestamp,time_this_iter_s,time_total_s,pid,hostname,node_ip,time_since_restore,timesteps_since_restore,iterations_since_restore,warmup_time,custom_metrics/net_worth_mean,custom_metrics/net_worth_min,custom_metrics/net_worth_max,info/num_env_steps_sampled,info/num_env_steps_trained,info/num_agent_steps_sampled,info/num_agent_steps_trained,sampler_results/episode_reward_max,sampler_results/episode_reward_min,sampler_results/episode_reward_mean,sampler_results/episode_len_mean,sampler_results/episodes_this_iter,hist_stats/episode_reward,hist_stats/episode_lengths,sampler_perf/mean_raw_obs_processing_ms,sampler_perf/mean_inference_ms,sampler_perf/mean_action_processing_ms,sampler_perf/mean_env_wait_ms,sampler_perf/mean_env_render_ms,timers/training_iteration_time_ms,timers/load_time_ms,timers/load_throughput,timers/learn_time_ms,timers/learn_throughput,timers/update_time_ms,counters/num_env_steps_sampled,counters/num_env_steps_trained,counters/num_agent_steps_sampled,counters/num_agent_steps_trained,perf/cpu_util_percent,perf/ram_util_percent,sampler_results/custom_metrics/net_worth_mean,sampler_results/custom_metrics/net_worth_min,sampler_results/custom_metrics/net_worth_max,sampler_results/hist_stats/episode_reward,sampler_results/hist_stats/episode_lengths,sampler_results/sampler_perf/mean_raw_obs_processing_ms,sampler_results/sampler_perf/mean_inference_ms,sampler_results/sampler_perf/mean_action_processing_ms,sampler_results/sampler_perf/mean_env_wait_ms,sampler_results/sampler_perf/mean_env_render_ms,info/learner/default_policy/num_agent_steps_trained,info/learner/default_policy/learner_stats/cur_kl_coeff,info/learner/default_policy/learner_stats/cur_lr,info/learner/default_policy/learner_stats/total_loss,info/learner/default_policy/learner_stats/policy_loss,info/learner/default_policy/learner_stats/vf_loss,info/learner/default_policy/learner_stats/vf_explained_var,info/learner/default_policy/learner_stats/kl,info/learner/default_policy/learner_stats/entropy,info/learner/default_policy/learner_stats/entropy_coeff
4.2802205419726675,-50.56747450958373,-18.954592583563137,449.0,12,4,5388,5388,5388,5388,5388,5388,5388,5388,False,12,1,1eff7_00000,f4c05afaa6c548bb9145335e3fe5e9fe,2022-06-26_13-07-38,1656241658,26.81322193145752,26.81322193145752,9997,Jordans-MacBook-Pro.local,127.0.0.1,26.81322193145752,0,1,2.82747220993042,7.528669680270586,5.7004657623148365,9.324075637244109,5388,5388,5388,5388,4.2802205419726675,-50.56747450958373,-18.954592583563137,449.0,12,"[-39.175093251189935, -11.449451697036338, -49.48846912933395, -12.735111950921109, -12.938573988778657, -50.56747450958373, 0.5636417842655561, -11.370635752216316, -18.541009275953144, -27.630778959548223, 1.5976251855655619, 4.2802205419726675]","[449, 449, 449, 449, 449, 449, 449, 449, 449, 449, 449, 449]",0.042508635393589816,2.7568192616414593,0.028733020366476264,0.31844661391453505,0.0,26811.682,0.085,63302268.773,9810.533,549.206,15.554,5388,5388,5388,5388,42.22564102564102,79.70256410256411,7.528669680270586,5.7004657623148365,9.324075637244109,"[-39.175093251189935, -11.449451697036338, -49.48846912933395, -12.735111950921109, -12.938573988778657, -50.56747450958373, 0.5636417842655561, -11.370635752216316, -18.541009275953144, -27.630778959548223, 1.5976251855655619, 4.2802205419726675]","[449, 449, 449, 449, 449, 449, 449, 449, 449, 449, 449, 449]",0.042508635393589816,2.7568192616414593,0.028733020366476264,0.31844661391453505,0.0,128.0,0.20000000298023224,4.999999873689376e-05,7.822889,-0.026586736,7.844821,-0.00751266,0.02327064,0.67046475,0.0
153.69997888867593,-50.56747450958373,51.493750369193286,449.0,12,4,10776,10776,10776,10776,5388,5388,10776,10776,False,24,2,1eff7_00000,f4c05afaa6c548bb9145335e3fe5e9fe,2022-06-26_13-08-07,1656241687,28.343992948532104,55.157214879989624,9997,Jordans-MacBook-Pro.local,127.0.0.1,55.157214879989624,0,2,2.82747220993042,13.316395724076186,5.7004657623148365,28.00292185,10776,10776,10776,10776,153.69997888867593,-50.56747450958373,51.493750369193286,449.0,12,"[-39.175093251189935, -11.449451697036338, -49.48846912933395, -12.735111950921109, -12.938573988778657, -50.56747450958373, 0.5636417842655561, -11.370635752216316, -18.541009275953144, -27.630778959548223, 1.5976251855655619, 4.2802205419726675, 122.9397452380914, 99.56781509761632, 141.131797294376, 111.68946715298026, 68.54919083021258, 153.69997888867593, 134.55262139100378, 109.79964420637306, 141.17047607293742, 131.35054822165435, 103.09565416917539, 145.75818130029992]","[449, 449, 449, 449, 449, 449, 449, 449, 449, 449, 449, 449, 449, 449, 449, 449, 449, 449, 449, 449, 449, 449, 449, 449]",0.04376475823657783,2.816699898616441,0.030610445699255844,0.32235191961358656,0.0,27577.149,0.7,7702423.297,9862.779,546.296,14.7,10776,10776,10776,10776,39.1,80.235,13.316395724076186,5.7004657623148365,28.00292185,"[-39.175093251189935, -11.449451697036338, -49.48846912933395, -12.735111950921109, -12.938573988778657, -50.56747450958373, 0.5636417842655561, -11.370635752216316, -18.541009275953144, -27.630778959548223, 1.5976251855655619, 4.2802205419726675, 122.9397452380914, 99.56781509761632, 141.131797294376, 111.68946715298026, 68.54919083021258, 153.69997888867593, 134.55262139100378, 109.79964420637306, 141.17047607293742, 131.35054822165435, 103.09565416917539, 145.75818130029992]","[449, 449, 449, 449, 449, 449, 449, 449, 449, 449, 449, 449, 449, 449, 449, 449, 449, 449, 449, 449, 449, 449, 449, 449]",0.04376475823657783,2.816699898616441,0.030610445699255844,0.32235191961358656,0.0,128.0,0.30000001192092896,4.999999873689376e-05,9.924459,-0.0175193,9.9382515,-0.0050077764,0.012419108,0.61605674,0.0
242.67855463361875,-50.56747450958373,96.00874640969616,449.0,12,4,16164,16164,16164,16164,5388,5388,16164,16164,False,36,3,1eff7_00000,f4c05afaa6c548bb9145335e3fe5e9fe,2022-06-26_13-08-33,1656241713,26.523582935333252,81.68079781532288,9997,Jordans-MacBook-Pro.local,127.0.0.1,81.68079781532288,0,3,2.82747220993042,20.173382901861213,5.7004657623148365,53.068374,16164,16164,16164,16164,242.67855463361875,-50.56747450958373,96.00874640969616,449.0,12,"[-39.175093251189935, -11.449451697036338, -49.48846912933395, -12.735111950921109, -12.938573988778657, -50.56747450958373, 0.5636417842655561, -11.370635752216316, -18.541009275953144, -27.630778959548223, 1.5976251855655619, 4.2802205419726675, 122.9397452380914, 99.56781509761632, 141.131797294376, 111.68946715298026, 68.54919083021258, 153.69997888867593, 134.55262139100378, 109.79964420637306, 141.17047607293742, 131.35054822165435, 103.09565416917539, 145.75818130029992, 183.02818958221096, 170.99526633987708, 242.67855463361875, 161.80716695939307, 154.32813573433603, 207.79946601319173, 178.45070142085856, 188.9188647658357, 136.99540342849045, 191.1313093480152, 215.5154177562783, 188.81638590631715]","[449, 449, 449, 449, 449, 449, 449, 449, 449, 449, 449, 449, 449, 449, 449, 449, 449, 449, 449, 449, 449, 449, 449, 449, 449, 449, 449, 449, 449, 449, 449, 449, 449, 449, 449, 449]",0.04393352136013966,2.830876496711223,0.03098417814764902,0.3188794541668495,0.0,27225.541,0.535,10064835.192,9694.29,555.791,13.615,16164,16164,16164,16164,32.47105263157895,80.16578947368421,20.173382901861213,5.7004657623148365,53.068374,"[-39.175093251189935, -11.449451697036338, -49.48846912933395, -12.735111950921109, -12.938573988778657, -50.56747450958373, 0.5636417842655561, -11.370635752216316, -18.541009275953144, -27.630778959548223, 1.5976251855655619, 4.2802205419726675, 122.9397452380914, 99.56781509761632, 141.131797294376, 111.68946715298026, 68.54919083021258, 153.69997888867593, 134.55262139100378, 109.79964420637306, 141.17047607293742, 131.35054822165435, 103.09565416917539, 145.75818130029992, 183.02818958221096, 170.99526633987708, 242.67855463361875, 161.80716695939307, 154.32813573433603, 207.79946601319173, 178.45070142085856, 188.9188647658357, 136.99540342849045, 191.1313093480152, 215.5154177562783, 188.81638590631715]","[449, 449, 449, 449, 449, 449, 449, 449, 449, 449, 449, 449, 449, 449, 449, 449, 449, 449, 449, 449, 449, 449, 449, 449, 449, 449, 449, 449, 449, 449, 449, 449, 449, 449, 449, 449]",0.04393352136013966,2.830876496711223,0.03098417814764902,0.3188794541668495,0.0,128.0,0.30000001192092896,4.999999873689376e-05,9.919435,-0.013385591,9.930143,0.016234225,0.0089222165,0.58227646,0.0
257.70052995157596,-50.56747450958373,129.79546232015187,449.0,12,4,21552,21552,21552,21552,5388,5388,21552,21552,False,48,4,1eff7_00000,f4c05afaa6c548bb9145335e3fe5e9fe,2022-06-26_13-08-59,1656241739,25.81511664390564,107.49591445922852,9997,Jordans-MacBook-Pro.local,127.0.0.1,107.49591445922852,0,4,2.82747220993042,27.327342911122354,5.7004657623148365,65.24851433879243,21552,21552,21552,21552,257.70052995157596,-50.56747450958373,129.79546232015187,449.0,12,"[-39.175093251189935, -11.449451697036338, -49.48846912933395, -12.735111950921109, -12.938573988778657, -50.56747450958373, 0.5636417842655561, -11.370635752216316, -18.541009275953144, -27.630778959548223, 1.5976251855655619, 4.2802205419726675, 122.9397452380914, 99.56781509761632, 141.131797294376, 111.68946715298026, 68.54919083021258, 153.69997888867593, 134.55262139100378, 109.79964420637306, 141.17047607293742, 131.35054822165435, 103.09565416917539, 145.75818130029992, 183.02818958221096, 170.99526633987708, 242.67855463361875, 161.80716695939307, 154.32813573433603, 207.79946601319173, 178.45070142085856, 188.9188647658357, 136.99540342849045, 191.1313093480152, 215.5154177562783, 188.81638590631715, 231.9089246729467, 214.86040795866919, 257.70052995157596, 254.92785533980427, 238.3671601926694, 220.82023003402603, 203.80031471613304, 228.94423544226524, 204.7655404263327, 251.0605317771576, 217.6960908501296, 249.01549925651935]","[449, 449, 449, 449, 449, 449, 449, 449, 449, 449, 449, 449, 449, 449, 449, 449, 449, 449, 449, 449, 449, 449, 449, 449, 449, 449, 449, 449, 449, 449, 449, 449, 449, 449, 449, 449, 449, 449, 449, 449, 449, 449, 449, 449, 449, 449, 449, 449]",0.04386715643114051,2.83028861738255,0.03091288695590844,0.3156347140383802,0.0,26872.579,0.68,7920410.042,9549.469,564.22,13.613,21552,21552,21552,21552,42.23513513513514,80.21891891891893,27.327342911122354,5.7004657623148365,65.24851433879243,"[-39.175093251189935, -11.449451697036338, -49.48846912933395, -12.735111950921109, -12.938573988778657, -50.56747450958373, 0.5636417842655561, -11.370635752216316, -18.541009275953144, -27.630778959548223, 1.5976251855655619, 4.2802205419726675, 122.9397452380914, 99.56781509761632, 141.131797294376, 111.68946715298026, 68.54919083021258, 153.69997888867593, 134.55262139100378, 109.79964420637306, 141.17047607293742, 131.35054822165435, 103.09565416917539, 145.75818130029992, 183.02818958221096, 170.99526633987708, 242.67855463361875, 161.80716695939307, 154.32813573433603, 207.79946601319173, 178.45070142085856, 188.9188647658357, 136.99540342849045, 191.1313093480152, 215.5154177562783, 188.81638590631715, 231.9089246729467, 214.86040795866919, 257.70052995157596, 254.92785533980427, 238.3671601926694, 220.82023003402603, 203.80031471613304, 228.94423544226524, 204.7655404263327, 251.0605317771576, 217.6960908501296, 249.01549925651935]","[449, 449, 449, 449, 449, 449, 449, 449, 449, 449, 449, 449, 449, 449, 449, 449, 449, 449, 449, 449, 449, 449, 449, 449, 449, 449, 449, 449, 449, 449, 449, 449, 449, 449, 449, 449, 449, 449, 449, 449, 449, 449, 449, 449, 449, 449, 449, 449]",0.04386715643114051,2.83028861738255,0.03091288695590844,0.3156347140383802,0.0,128.0,0.30000001192092896,4.999999873689376e-05,9.892958,-0.009661205,9.900059,-0.00062302145,0.008534908,0.54612803,0.0
269.1402039633972,-50.56747450958373,153.74043078126633,449.0,12,4,26940,26940,26940,26940,5388,5388,26940,26940,False,60,5,1eff7_00000,f4c05afaa6c548bb9145335e3fe5e9fe,2022-06-26_13-09-38,1656241778,39.18747591972351,146.68339037895203,9997,Jordans-MacBook-Pro.local,127.0.0.1,146.68339037895203,0,5,2.82747220993042,34.52755119273021,5.7004657623148365,83.24594406,26940,26940,26940,26940,269.1402039633972,-50.56747450958373,153.74043078126633,449.0,12,"[-39.175093251189935, -11.449451697036338, -49.48846912933395, -12.735111950921109, -12.938573988778657, -50.56747450958373, 0.5636417842655561, -11.370635752216316, -18.541009275953144, -27.630778959548223, 1.5976251855655619, 4.2802205419726675, 122.9397452380914, 99.56781509761632, 141.131797294376, 111.68946715298026, 68.54919083021258, 153.69997888867593, 134.55262139100378, 109.79964420637306, 141.17047607293742, 131.35054822165435, 103.09565416917539, 145.75818130029992, 183.02818958221096, 170.99526633987708, 242.67855463361875, 161.80716695939307, 154.32813573433603, 207.79946601319173, 178.45070142085856, 188.9188647658357, 136.99540342849045, 191.1313093480152, 215.5154177562783, 188.81638590631715, 231.9089246729467, 214.86040795866919, 257.70052995157596, 254.92785533980427, 238.3671601926694, 220.82023003402603, 203.80031471613304, 228.94423544226524, 204.7655404263327, 251.0605317771576, 217.6960908501296, 249.01549925651935, 269.1402039633972, 261.3831064560254, 258.0244462594304, 255.8062500550494, 241.68477460376332, 257.70888911157317, 225.34475905583886, 241.63273190963636, 250.8790191091542, 253.17413627766385, 221.97187502035055, 257.49346368680756]","[449, 449, 449, 449, 449, 449, 449, 449, 449, 449, 449, 449, 449, 449, 449, 449, 449, 449, 449, 449, 449, 449, 449, 449, 449, 449, 449, 449, 449, 449, 449, 449, 449, 449, 449, 449, 449, 449, 449, 449, 449, 449, 449, 449, 449, 449, 449, 449, 449, 449, 449, 449, 449, 449, 449, 449, 449, 449, 449, 449]",0.043746732114803774,2.825886259774628,0.03073482980316364,0.31258956640723506,0.0,26645.28,0.593,9085354.166,9468.098,569.069,13.313,26940,26940,26940,26940,39.25714285714286,80.05357142857143,34.52755119273021,5.7004657623148365,83.24594406,"[-39.175093251189935, -11.449451697036338, -49.48846912933395, -12.735111950921109, -12.938573988778657, -50.56747450958373, 0.5636417842655561, -11.370635752216316, -18.541009275953144, -27.630778959548223, 1.5976251855655619, 4.2802205419726675, 122.9397452380914, 99.56781509761632, 141.131797294376, 111.68946715298026, 68.54919083021258, 153.69997888867593, 134.55262139100378, 109.79964420637306, 141.17047607293742, 131.35054822165435, 103.09565416917539, 145.75818130029992, 183.02818958221096, 170.99526633987708, 242.67855463361875, 161.80716695939307, 154.32813573433603, 207.79946601319173, 178.45070142085856, 188.9188647658357, 136.99540342849045, 191.1313093480152, 215.5154177562783, 188.81638590631715, 231.9089246729467, 214.86040795866919, 257.70052995157596, 254.92785533980427, 238.3671601926694, 220.82023003402603, 203.80031471613304, 228.94423544226524, 204.7655404263327, 251.0605317771576, 217.6960908501296, 249.01549925651935, 269.1402039633972, 261.3831064560254, 258.0244462594304, 255.8062500550494, 241.68477460376332, 257.70888911157317, 225.34475905583886, 241.63273190963636, 250.8790191091542, 253.17413627766385, 221.97187502035055, 257.49346368680756]","[449, 449, 449, 449, 449, 449, 449, 449, 449, 449, 449, 449, 449, 449, 449, 449, 449, 449, 449, 449, 449, 449, 449, 449, 449, 449, 449, 449, 449, 449, 449, 449, 449, 449, 449, 449, 449, 449, 449, 449, 449, 449, 449, 449, 449, 449, 449, 449, 449, 449, 449, 449, 449, 449, 449, 449, 449, 449, 449, 449]",0.043746732114803774,2.825886259774628,0.03073482980316364,0.31258956640723506,0.0,128.0,0.30000001192092896,4.999999873689376e-05,9.913368,-0.013173283,9.9236555,0.00092244963,0.009620246,0.5129808,0.0
297.3189874493223,-50.56747450958373,174.38718972296587,449.0,12,4,32328,32328,32328,32328,5388,5388,32328,32328,False,72,6,1eff7_00000,f4c05afaa6c548bb9145335e3fe5e9fe,2022-06-26_13-10-04,1656241804,25.816720962524414,172.50011134147644,9997,Jordans-MacBook-Pro.local,127.0.0.1,172.50011134147644,0,6,2.82747220993042,42.72363638977518,5.7004657623148365,101.19361877,32328,32328,32328,32328,297.3189874493223,-50.56747450958373,174.38718972296587,449.0,12,"[-39.175093251189935, -11.449451697036338, -49.48846912933395, -12.735111950921109, -12.938573988778657, -50.56747450958373, 0.5636417842655561, -11.370635752216316, -18.541009275953144, -27.630778959548223, 1.5976251855655619, 4.2802205419726675, 122.9397452380914, 99.56781509761632, 141.131797294376, 111.68946715298026, 68.54919083021258, 153.69997888867593, 134.55262139100378, 109.79964420637306, 141.17047607293742, 131.35054822165435, 103.09565416917539, 145.75818130029992, 183.02818958221096, 170.99526633987708, 242.67855463361875, 161.80716695939307, 154.32813573433603, 207.79946601319173, 178.45070142085856, 188.9188647658357, 136.99540342849045, 191.1313093480152, 215.5154177562783, 188.81638590631715, 231.9089246729467, 214.86040795866919, 257.70052995157596, 254.92785533980427, 238.3671601926694, 220.82023003402603, 203.80031471613304, 228.94423544226524, 204.7655404263327, 251.0605317771576, 217.6960908501296, 249.01549925651935, 269.1402039633972, 261.3831064560254, 258.0244462594304, 255.8062500550494, 241.68477460376332, 257.70888911157317, 225.34475905583886, 241.63273190963636, 250.8790191091542, 253.17413627766385, 221.97187502035055, 257.49346368680756, 249.96627825031257, 287.78734306651415, 240.59963628194728, 285.723079967343, 270.34786137803076, 290.38431622010944, 297.3189874493223, 296.5990318099008, 290.08801719762516, 266.760625701343, 274.7172238024244, 281.159412052688]","[449, 449, 449, 449, 449, 449, 449, 449, 449, 449, 449, 449, 449, 449, 449, 449, 449, 449, 449, 449, 449, 449, 449, 449, 449, 449, 449, 449, 449, 449, 449, 449, 449, 449, 449, 449, 449, 449, 449, 449, 449, 449, 449, 449, 449, 449, 449, 449, 449, 449, 449, 449, 449, 449, 449, 449, 449, 449, 449, 449, 449, 449, 449, 449, 449, 449, 449, 449, 449, 449, 449, 449]",0.04362289595366428,2.8208527899417777,0.030556557185458293,0.3097851663199007,0.0,26506.925,0.723,7448553.049,9426.757,571.565,13.062,32328,32328,32328,32328,41.82972972972973,80.40810810810808,42.72363638977518,5.7004657623148365,101.19361877,"[-39.175093251189935, -11.449451697036338, -49.48846912933395, -12.735111950921109, -12.938573988778657, -50.56747450958373, 0.5636417842655561, -11.370635752216316, -18.541009275953144, -27.630778959548223, 1.5976251855655619, 4.2802205419726675, 122.9397452380914, 99.56781509761632, 141.131797294376, 111.68946715298026, 68.54919083021258, 153.69997888867593, 134.55262139100378, 109.79964420637306, 141.17047607293742, 131.35054822165435, 103.09565416917539, 145.75818130029992, 183.02818958221096, 170.99526633987708, 242.67855463361875, 161.80716695939307, 154.32813573433603, 207.79946601319173, 178.45070142085856, 188.9188647658357, 136.99540342849045, 191.1313093480152, 215.5154177562783, 188.81638590631715, 231.9089246729467, 214.86040795866919, 257.70052995157596, 254.92785533980427, 238.3671601926694, 220.82023003402603, 203.80031471613304, 228.94423544226524, 204.7655404263327, 251.0605317771576, 217.6960908501296, 249.01549925651935, 269.1402039633972, 261.3831064560254, 258.0244462594304, 255.8062500550494, 241.68477460376332, 257.70888911157317, 225.34475905583886, 241.63273190963636, 250.8790191091542, 253.17413627766385, 221.97187502035055, 257.49346368680756, 249.96627825031257, 287.78734306651415, 240.59963628194728, 285.723079967343, 270.34786137803076, 290.38431622010944, 297.3189874493223, 296.5990318099008, 290.08801719762516, 266.760625701343, 274.7172238024244, 281.159412052688]","[449, 449, 449, 449, 449, 449, 449, 449, 449, 449, 449, 449, 449, 449, 449, 449, 449, 449, 449, 449, 449, 449, 449, 449, 449, 449, 449, 449, 449, 449, 449, 449, 449, 449, 449, 449, 449, 449, 449, 449, 449, 449, 449, 449, 449, 449, 449, 449, 449, 449, 449, 449, 449, 449, 449, 449, 449, 449, 449, 449, 449, 449, 449, 449, 449, 449, 449, 449, 449, 449, 449, 449]",0.04362289595366428,2.8208527899417777,0.030556557185458293,0.3097851663199007,0.0,128.0,0.30000001192092896,4.999999873689376e-05,9.921528,-0.007945996,9.92755,0.0021313368,0.0064107645,0.47746897,0.0
351.47679854760213,-50.56747450958373,192.02994094194435,449.0,12,4,37716,37716,37716,37716,5388,5388,37716,37716,False,84,7,1eff7_00000,f4c05afaa6c548bb9145335e3fe5e9fe,2022-06-26_13-10-30,1656241830,25.64100193977356,198.14111328125,9997,Jordans-MacBook-Pro.local,127.0.0.1,198.14111328125,0,7,2.82747220993042,52.09153716413429,5.7004657623148365,207.03634164,37716,37716,37716,37716,351.47679854760213,-50.56747450958373,192.02994094194435,449.0,12,"[-39.175093251189935, -11.449451697036338, -49.48846912933395, -12.735111950921109, -12.938573988778657, -50.56747450958373, 0.5636417842655561, -11.370635752216316, -18.541009275953144, -27.630778959548223, 1.5976251855655619, 4.2802205419726675, 122.9397452380914, 99.56781509761632, 141.131797294376, 111.68946715298026, 68.54919083021258, 153.69997888867593, 134.55262139100378, 109.79964420637306, 141.17047607293742, 131.35054822165435, 103.09565416917539, 145.75818130029992, 183.02818958221096, 170.99526633987708, 242.67855463361875, 161.80716695939307, 154.32813573433603, 207.79946601319173, 178.45070142085856, 188.9188647658357, 136.99540342849045, 191.1313093480152, 215.5154177562783, 188.81638590631715, 231.9089246729467, 214.86040795866919, 257.70052995157596, 254.92785533980427, 238.3671601926694, 220.82023003402603, 203.80031471613304, 228.94423544226524, 204.7655404263327, 251.0605317771576, 217.6960908501296, 249.01549925651935, 269.1402039633972, 261.3831064560254, 258.0244462594304, 255.8062500550494, 241.68477460376332, 257.70888911157317, 225.34475905583886, 241.63273190963636, 250.8790191091542, 253.17413627766385, 221.97187502035055, 257.49346368680756, 249.96627825031257, 287.78734306651415, 240.59963628194728, 285.723079967343, 270.34786137803076, 290.38431622010944, 297.3189874493223, 296.5990318099008, 290.08801719762516, 266.760625701343, 274.7172238024244, 281.159412052688, 289.7603159854647, 291.6094620108205, 304.976506410468, 299.12398142873917, 299.0405250456653, 302.4377204550649, 351.47679854760213, 297.4502038501089, 285.1912095877875, 276.3085188175078, 298.32467407349725, 278.9374628570582]","[449, 449, 449, 449, 449, 449, 449, 449, 449, 449, 449, 449, 449, 449, 449, 449, 449, 449, 449, 449, 449, 449, 449, 449, 449, 449, 449, 449, 449, 449, 449, 449, 449, 449, 449, 449, 449, 449, 449, 449, 449, 449, 449, 449, 449, 449, 449, 449, 449, 449, 449, 449, 449, 449, 449, 449, 449, 449, 449, 449, 449, 449, 449, 449, 449, 449, 449, 449, 449, 449, 449, 449, 449, 449, 449, 449, 449, 449, 449, 449, 449, 449, 449, 449]",0.04351034859312263,2.8160042321248007,0.030401869683611478,0.3068356033575916,0.0,26383.002,0.65,8292743.22,9388.441,573.897,12.928,37716,37716,37716,37716,41.851351351351354,80.42972972972974,52.09153716413429,5.7004657623148365,207.03634164,"[-39.175093251189935, -11.449451697036338, -49.48846912933395, -12.735111950921109, -12.938573988778657, -50.56747450958373, 0.5636417842655561, -11.370635752216316, -18.541009275953144, -27.630778959548223, 1.5976251855655619, 4.2802205419726675, 122.9397452380914, 99.56781509761632, 141.131797294376, 111.68946715298026, 68.54919083021258, 153.69997888867593, 134.55262139100378, 109.79964420637306, 141.17047607293742, 131.35054822165435, 103.09565416917539, 145.75818130029992, 183.02818958221096, 170.99526633987708, 242.67855463361875, 161.80716695939307, 154.32813573433603, 207.79946601319173, 178.45070142085856, 188.9188647658357, 136.99540342849045, 191.1313093480152, 215.5154177562783, 188.81638590631715, 231.9089246729467, 214.86040795866919, 257.70052995157596, 254.92785533980427, 238.3671601926694, 220.82023003402603, 203.80031471613304, 228.94423544226524, 204.7655404263327, 251.0605317771576, 217.6960908501296, 249.01549925651935, 269.1402039633972, 261.3831064560254, 258.0244462594304, 255.8062500550494, 241.68477460376332, 257.70888911157317, 225.34475905583886, 241.63273190963636, 250.8790191091542, 253.17413627766385, 221.97187502035055, 257.49346368680756, 249.96627825031257, 287.78734306651415, 240.59963628194728, 285.723079967343, 270.34786137803076, 290.38431622010944, 297.3189874493223, 296.5990318099008, 290.08801719762516, 266.760625701343, 274.7172238024244, 281.159412052688, 289.7603159854647, 291.6094620108205, 304.976506410468, 299.12398142873917, 299.0405250456653, 302.4377204550649, 351.47679854760213, 297.4502038501089, 285.1912095877875, 276.3085188175078, 298.32467407349725, 278.9374628570582]","[449, 449, 449, 449, 449, 449, 449, 449, 449, 449, 449, 449, 449, 449, 449, 449, 449, 449, 449, 449, 449, 449, 449, 449, 449, 449, 449, 449, 449, 449, 449, 449, 449, 449, 449, 449, 449, 449, 449, 449, 449, 449, 449, 449, 449, 449, 449, 449, 449, 449, 449, 449, 449, 449, 449, 449, 449, 449, 449, 449, 449, 449, 449, 449, 449, 449, 449, 449, 449, 449, 449, 449, 449, 449, 449, 449, 449, 449, 449, 449, 449, 449, 449, 449]",0.04351034859312263,2.8160042321248007,0.030401869683611478,0.3068356033575916,0.0,128.0,0.30000001192092896,4.999999873689376e-05,9.9073925,-0.008917136,9.913985,-0.0042513357,0.0077471095,0.45733356,0.0
351.47679854760213,-50.56747450958373,206.552044596899,449.0,12,4,43104,43104,43104,43104,5388,5388,43104,43104,False,96,8,1eff7_00000,f4c05afaa6c548bb9145335e3fe5e9fe,2022-06-26_13-10-56,1656241856,25.786095142364502,223.9272084236145,9997,Jordans-MacBook-Pro.local,127.0.0.1,223.9272084236145,0,8,2.82747220993042,60.51463097718574,5.7004657623148365,207.03634164,43104,43104,43104,43104,351.47679854760213,-50.56747450958373,206.552044596899,449.0,12,"[-39.175093251189935, -11.449451697036338, -49.48846912933395, -12.735111950921109, -12.938573988778657, -50.56747450958373, 0.5636417842655561, -11.370635752216316, -18.541009275953144, -27.630778959548223, 1.5976251855655619, 4.2802205419726675, 122.9397452380914, 99.56781509761632, 141.131797294376, 111.68946715298026, 68.54919083021258, 153.69997888867593, 134.55262139100378, 109.79964420637306, 141.17047607293742, 131.35054822165435, 103.09565416917539, 145.75818130029992, 183.02818958221096, 170.99526633987708, 242.67855463361875, 161.80716695939307, 154.32813573433603, 207.79946601319173, 178.45070142085856, 188.9188647658357, 136.99540342849045, 191.1313093480152, 215.5154177562783, 188.81638590631715, 231.9089246729467, 214.86040795866919, 257.70052995157596, 254.92785533980427, 238.3671601926694, 220.82023003402603, 203.80031471613304, 228.94423544226524, 204.7655404263327, 251.0605317771576, 217.6960908501296, 249.01549925651935, 269.1402039633972, 261.3831064560254, 258.0244462594304, 255.8062500550494, 241.68477460376332, 257.70888911157317, 225.34475905583886, 241.63273190963636, 250.8790191091542, 253.17413627766385, 221.97187502035055, 257.49346368680756, 249.96627825031257, 287.78734306651415, 240.59963628194728, 285.723079967343, 270.34786137803076, 290.38431622010944, 297.3189874493223, 296.5990318099008, 290.08801719762516, 266.760625701343, 274.7172238024244, 281.159412052688, 289.7603159854647, 291.6094620108205, 304.976506410468, 299.12398142873917, 299.0405250456653, 302.4377204550649, 351.47679854760213, 297.4502038501089, 285.1912095877875, 276.3085188175078, 298.32467407349725, 278.9374628570582, 326.1309743479237, 293.77698612356005, 298.0220446999929, 296.60862107244486, 324.94112624259947, 307.6647762432989, 293.7077492416938, 293.7237774487696, 280.09488832727277, 341.3918319365821, 350.5505025135237, 291.86796398131844]","[449, 449, 449, 449, 449, 449, 449, 449, 449, 449, 449, 449, 449, 449, 449, 449, 449, 449, 449, 449, 449, 449, 449, 449, 449, 449, 449, 449, 449, 449, 449, 449, 449, 449, 449, 449, 449, 449, 449, 449, 449, 449, 449, 449, 449, 449, 449, 449, 449, 449, 449, 449, 449, 449, 449, 449, 449, 449, 449, 449, 449, 449, 449, 449, 449, 449, 449, 449, 449, 449, 449, 449, 449, 449, 449, 449, 449, 449, 449, 449, 449, 449, 449, 449, 449, 449, 449, 449, 449, 449, 449, 449, 449, 449, 449, 449]",0.04340216786272047,2.811455146096455,0.03025837360191699,0.3041989162287209,0.0,26308.183,0.594,9068583.448,9373.998,574.781,12.85,43104,43104,43104,43104,42.44444444444444,80.29722222222223,60.51463097718574,5.7004657623148365,207.03634164,"[-39.175093251189935, -11.449451697036338, -49.48846912933395, -12.735111950921109, -12.938573988778657, -50.56747450958373, 0.5636417842655561, -11.370635752216316, -18.541009275953144, -27.630778959548223, 1.5976251855655619, 4.2802205419726675, 122.9397452380914, 99.56781509761632, 141.131797294376, 111.68946715298026, 68.54919083021258, 153.69997888867593, 134.55262139100378, 109.79964420637306, 141.17047607293742, 131.35054822165435, 103.09565416917539, 145.75818130029992, 183.02818958221096, 170.99526633987708, 242.67855463361875, 161.80716695939307, 154.32813573433603, 207.79946601319173, 178.45070142085856, 188.9188647658357, 136.99540342849045, 191.1313093480152, 215.5154177562783, 188.81638590631715, 231.9089246729467, 214.86040795866919, 257.70052995157596, 254.92785533980427, 238.3671601926694, 220.82023003402603, 203.80031471613304, 228.94423544226524, 204.7655404263327, 251.0605317771576, 217.6960908501296, 249.01549925651935, 269.1402039633972, 261.3831064560254, 258.0244462594304, 255.8062500550494, 241.68477460376332, 257.70888911157317, 225.34475905583886, 241.63273190963636, 250.8790191091542, 253.17413627766385, 221.97187502035055, 257.49346368680756, 249.96627825031257, 287.78734306651415, 240.59963628194728, 285.723079967343, 270.34786137803076, 290.38431622010944, 297.3189874493223, 296.5990318099008, 290.08801719762516, 266.760625701343, 274.7172238024244, 281.159412052688, 289.7603159854647, 291.6094620108205, 304.976506410468, 299.12398142873917, 299.0405250456653, 302.4377204550649, 351.47679854760213, 297.4502038501089, 285.1912095877875, 276.3085188175078, 298.32467407349725, 278.9374628570582, 326.1309743479237, 293.77698612356005, 298.0220446999929, 296.60862107244486, 324.94112624259947, 307.6647762432989, 293.7077492416938, 293.7237774487696, 280.09488832727277, 341.3918319365821, 350.5505025135237, 291.86796398131844]","[449, 449, 449, 449, 449, 449, 449, 449, 449, 449, 449, 449, 449, 449, 449, 449, 449, 449, 449, 449, 449, 449, 449, 449, 449, 449, 449, 449, 449, 449, 449, 449, 449, 449, 449, 449, 449, 449, 449, 449, 449, 449, 449, 449, 449, 449, 449, 449, 449, 449, 449, 449, 449, 449, 449, 449, 449, 449, 449, 449, 449, 449, 449, 449, 449, 449, 449, 449, 449, 449, 449, 449, 449, 449, 449, 449, 449, 449, 449, 449, 449, 449, 449, 449, 449, 449, 449, 449, 449, 449, 449, 449, 449, 449, 449, 449]",0.04340216786272047,2.811455146096455,0.03025837360191699,0.3041989162287209,0.0,128.0,0.30000001192092896,4.999999873689376e-05,9.904332,-0.0047439723,9.906389,-0.009970193,0.008957218,0.44813156,0.0
351.47679854760213,-27.630778959548223,237.86511761306238,449.0,12,4,48492,48492,48492,48492,5388,5388,48492,48492,False,108,9,1eff7_00000,f4c05afaa6c548bb9145335e3fe5e9fe,2022-06-26_13-11-22,1656241882,25.614699125289917,249.54190754890442,9997,Jordans-MacBook-Pro.local,127.0.0.1,249.54190754890442,0,9,2.82747220993042,72.89046913827609,5.7004657623148365,207.03634164,48492,48492,48492,48492,351.47679854760213,-27.630778959548223,237.86511761306238,449.0,12,"[-18.541009275953144, -27.630778959548223, 1.5976251855655619, 4.2802205419726675, 122.9397452380914, 99.56781509761632, 141.131797294376, 111.68946715298026, 68.54919083021258, 153.69997888867593, 134.55262139100378, 109.79964420637306, 141.17047607293742, 131.35054822165435, 103.09565416917539, 145.75818130029992, 183.02818958221096, 170.99526633987708, 242.67855463361875, 161.80716695939307, 154.32813573433603, 207.79946601319173, 178.45070142085856, 188.9188647658357, 136.99540342849045, 191.1313093480152, 215.5154177562783, 188.81638590631715, 231.9089246729467, 214.86040795866919, 257.70052995157596, 254.92785533980427, 238.3671601926694, 220.82023003402603, 203.80031471613304, 228.94423544226524, 204.7655404263327, 251.0605317771576, 217.6960908501296, 249.01549925651935, 269.1402039633972, 261.3831064560254, 258.0244462594304, 255.8062500550494, 241.68477460376332, 257.70888911157317, 225.34475905583886, 241.63273190963636, 250.8790191091542, 253.17413627766385, 221.97187502035055, 257.49346368680756, 249.96627825031257, 287.78734306651415, 240.59963628194728, 285.723079967343, 270.34786137803076, 290.38431622010944, 297.3189874493223, 296.5990318099008, 290.08801719762516, 266.760625701343, 274.7172238024244, 281.159412052688, 289.7603159854647, 291.6094620108205, 304.976506410468, 299.12398142873917, 299.0405250456653, 302.4377204550649, 351.47679854760213, 297.4502038501089, 285.1912095877875, 276.3085188175078, 298.32467407349725, 278.9374628570582, 326.1309743479237, 293.77698612356005, 298.0220446999929, 296.60862107244486, 324.94112624259947, 307.6647762432989, 293.7077492416938, 293.7237774487696, 280.09488832727277, 341.3918319365821, 350.5505025135237, 291.86796398131844, 316.7885911173271, 317.51310453547296, 316.8857048198008, 329.5736585482715, 338.2544442744039, 313.01073581291064, 307.25466796098726, 325.4464209500445, 297.00010881344474, 296.4460067245177, 298.6112887117148, 313.56957924024255]","[449, 449, 449, 449, 449, 449, 449, 449, 449, 449, 449, 449, 449, 449, 449, 449, 449, 449, 449, 449, 449, 449, 449, 449, 449, 449, 449, 449, 449, 449, 449, 449, 449, 449, 449, 449, 449, 449, 449, 449, 449, 449, 449, 449, 449, 449, 449, 449, 449, 449, 449, 449, 449, 449, 449, 449, 449, 449, 449, 449, 449, 449, 449, 449, 449, 449, 449, 449, 449, 449, 449, 449, 449, 449, 449, 449, 449, 449, 449, 449, 449, 449, 449, 449, 449, 449, 449, 449, 449, 449, 449, 449, 449, 449, 449, 449, 449, 449, 449, 449]",0.04335920320437739,2.8092551376324466,0.030211631593210286,0.29952410955369113,0.0,26230.95,0.552,9762885.305,9354.604,575.973,12.992,48492,48492,48492,48492,42.22702702702702,80.65135135135134,72.89046913827609,5.7004657623148365,207.03634164,"[-18.541009275953144, -27.630778959548223, 1.5976251855655619, 4.2802205419726675, 122.9397452380914, 99.56781509761632, 141.131797294376, 111.68946715298026, 68.54919083021258, 153.69997888867593, 134.55262139100378, 109.79964420637306, 141.17047607293742, 131.35054822165435, 103.09565416917539, 145.75818130029992, 183.02818958221096, 170.99526633987708, 242.67855463361875, 161.80716695939307, 154.32813573433603, 207.79946601319173, 178.45070142085856, 188.9188647658357, 136.99540342849045, 191.1313093480152, 215.5154177562783, 188.81638590631715, 231.9089246729467, 214.86040795866919, 257.70052995157596, 254.92785533980427, 238.3671601926694, 220.82023003402603, 203.80031471613304, 228.94423544226524, 204.7655404263327, 251.0605317771576, 217.6960908501296, 249.01549925651935, 269.1402039633972, 261.3831064560254, 258.0244462594304, 255.8062500550494, 241.68477460376332, 257.70888911157317, 225.34475905583886, 241.63273190963636, 250.8790191091542, 253.17413627766385, 221.97187502035055, 257.49346368680756, 249.96627825031257, 287.78734306651415, 240.59963628194728, 285.723079967343, 270.34786137803076, 290.38431622010944, 297.3189874493223, 296.5990318099008, 290.08801719762516, 266.760625701343, 274.7172238024244, 281.159412052688, 289.7603159854647, 291.6094620108205, 304.976506410468, 299.12398142873917, 299.0405250456653, 302.4377204550649, 351.47679854760213, 297.4502038501089, 285.1912095877875, 276.3085188175078, 298.32467407349725, 278.9374628570582, 326.1309743479237, 293.77698612356005, 298.0220446999929, 296.60862107244486, 324.94112624259947, 307.6647762432989, 293.7077492416938, 293.7237774487696, 280.09488832727277, 341.3918319365821, 350.5505025135237, 291.86796398131844, 316.7885911173271, 317.51310453547296, 316.8857048198008, 329.5736585482715, 338.2544442744039, 313.01073581291064, 307.25466796098726, 325.4464209500445, 297.00010881344474, 296.4460067245177, 298.6112887117148, 313.56957924024255]","[449, 449, 449, 449, 449, 449, 449, 449, 449, 449, 449, 449, 449, 449, 449, 449, 449, 449, 449, 449, 449, 449, 449, 449, 449, 449, 449, 449, 449, 449, 449, 449, 449, 449, 449, 449, 449, 449, 449, 449, 449, 449, 449, 449, 449, 449, 449, 449, 449, 449, 449, 449, 449, 449, 449, 449, 449, 449, 449, 449, 449, 449, 449, 449, 449, 449, 449, 449, 449, 449, 449, 449, 449, 449, 449, 449, 449, 449, 449, 449, 449, 449, 449, 449, 449, 449, 449, 449, 449, 449, 449, 449, 449, 449, 449, 449, 449, 449, 449, 449]",0.04335920320437739,2.8092551376324466,0.030211631593210286,0.29952410955369113,0.0,128.0,0.30000001192092896,4.999999873689376e-05,9.916031,-0.0085211,9.922171,-0.0040855748,0.007937822,0.43103802,0.0
353.86445977899155,103.09565416917539,268.10027368265963,449.0,12,4,53880,53880,53880,53880,5388,5388,53880,53880,False,120,10,1eff7_00000,f4c05afaa6c548bb9145335e3fe5e9fe,2022-06-26_13-12-02,1656241922,39.78018403053284,289.32209157943726,9997,Jordans-MacBook-Pro.local,127.0.0.1,289.32209157943726,0,10,2.82747220993042,88.31229426742138,15.54702385,207.03634164,53880,53880,53880,53880,353.86445977899155,103.09565416917539,268.10027368265963,449.0,12,"[141.17047607293742, 131.35054822165435, 103.09565416917539, 145.75818130029992, 183.02818958221096, 170.99526633987708, 242.67855463361875, 161.80716695939307, 154.32813573433603, 207.79946601319173, 178.45070142085856, 188.9188647658357, 136.99540342849045, 191.1313093480152, 215.5154177562783, 188.81638590631715, 231.9089246729467, 214.86040795866919, 257.70052995157596, 254.92785533980427, 238.3671601926694, 220.82023003402603, 203.80031471613304, 228.94423544226524, 204.7655404263327, 251.0605317771576, 217.6960908501296, 249.01549925651935, 269.1402039633972, 261.3831064560254, 258.0244462594304, 255.8062500550494, 241.68477460376332, 257.70888911157317, 225.34475905583886, 241.63273190963636, 250.8790191091542, 253.17413627766385, 221.97187502035055, 257.49346368680756, 249.96627825031257, 287.78734306651415, 240.59963628194728, 285.723079967343, 270.34786137803076, 290.38431622010944, 297.3189874493223, 296.5990318099008, 290.08801719762516, 266.760625701343, 274.7172238024244, 281.159412052688, 289.7603159854647, 291.6094620108205, 304.976506410468, 299.12398142873917, 299.0405250456653, 302.4377204550649, 351.47679854760213, 297.4502038501089, 285.1912095877875, 276.3085188175078, 298.32467407349725, 278.9374628570582, 326.1309743479237, 293.77698612356005, 298.0220446999929, 296.60862107244486, 324.94112624259947, 307.6647762432989, 293.7077492416938, 293.7237774487696, 280.09488832727277, 341.3918319365821, 350.5505025135237, 291.86796398131844, 316.7885911173271, 317.51310453547296, 316.8857048198008, 329.5736585482715, 338.2544442744039, 313.01073581291064, 307.25466796098726, 325.4464209500445, 297.00010881344474, 296.4460067245177, 298.6112887117148, 313.56957924024255, 332.99931847581433, 297.22795498010544, 353.24964115069724, 307.57907123240045, 306.8763598234849, 353.86445977899155, 317.25912402209553, 321.1876698460218, 327.82495181898616, 345.71252783621026, 333.9178916003592, 327.4529539859258]","[449, 449, 449, 449, 449, 449, 449, 449, 449, 449, 449, 449, 449, 449, 449, 449, 449, 449, 449, 449, 449, 449, 449, 449, 449, 449, 449, 449, 449, 449, 449, 449, 449, 449, 449, 449, 449, 449, 449, 449, 449, 449, 449, 449, 449, 449, 449, 449, 449, 449, 449, 449, 449, 449, 449, 449, 449, 449, 449, 449, 449, 449, 449, 449, 449, 449, 449, 449, 449, 449, 449, 449, 449, 449, 449, 449, 449, 449, 449, 449, 449, 449, 449, 449, 449, 449, 449, 449, 449, 449, 449, 449, 449, 449, 449, 449, 449, 449, 449, 449]",0.043162322385298484,2.8014808749020013,0.029951732903384373,0.2945987660006192,0.0,26245.963,0.619,8702599.335,9364.032,575.393,13.006,53880,53880,53880,53880,32.49649122807018,81.25087719298246,88.31229426742138,15.54702385,207.03634164,"[141.17047607293742, 131.35054822165435, 103.09565416917539, 145.75818130029992, 183.02818958221096, 170.99526633987708, 242.67855463361875, 161.80716695939307, 154.32813573433603, 207.79946601319173, 178.45070142085856, 188.9188647658357, 136.99540342849045, 191.1313093480152, 215.5154177562783, 188.81638590631715, 231.9089246729467, 214.86040795866919, 257.70052995157596, 254.92785533980427, 238.3671601926694, 220.82023003402603, 203.80031471613304, 228.94423544226524, 204.7655404263327, 251.0605317771576, 217.6960908501296, 249.01549925651935, 269.1402039633972, 261.3831064560254, 258.0244462594304, 255.8062500550494, 241.68477460376332, 257.70888911157317, 225.34475905583886, 241.63273190963636, 250.8790191091542, 253.17413627766385, 221.97187502035055, 257.49346368680756, 249.96627825031257, 287.78734306651415, 240.59963628194728, 285.723079967343, 270.34786137803076, 290.38431622010944, 297.3189874493223, 296.5990318099008, 290.08801719762516, 266.760625701343, 274.7172238024244, 281.159412052688, 289.7603159854647, 291.6094620108205, 304.976506410468, 299.12398142873917, 299.0405250456653, 302.4377204550649, 351.47679854760213, 297.4502038501089, 285.1912095877875, 276.3085188175078, 298.32467407349725, 278.9374628570582, 326.1309743479237, 293.77698612356005, 298.0220446999929, 296.60862107244486, 324.94112624259947, 307.6647762432989, 293.7077492416938, 293.7237774487696, 280.09488832727277, 341.3918319365821, 350.5505025135237, 291.86796398131844, 316.7885911173271, 317.51310453547296, 316.8857048198008, 329.5736585482715, 338.2544442744039, 313.01073581291064, 307.25466796098726, 325.4464209500445, 297.00010881344474, 296.4460067245177, 298.6112887117148, 313.56957924024255, 332.99931847581433, 297.22795498010544, 353.24964115069724, 307.57907123240045, 306.8763598234849, 353.86445977899155, 317.25912402209553, 321.1876698460218, 327.82495181898616, 345.71252783621026, 333.9178916003592, 327.4529539859258]","[449, 449, 449, 449, 449, 449, 449, 449, 449, 449, 449, 449, 449, 449, 449, 449, 449, 449, 449, 449, 449, 449, 449, 449, 449, 449, 449, 449, 449, 449, 449, 449, 449, 449, 449, 449, 449, 449, 449, 449, 449, 449, 449, 449, 449, 449, 449, 449, 449, 449, 449, 449, 449, 449, 449, 449, 449, 449, 449, 449, 449, 449, 449, 449, 449, 449, 449, 449, 449, 449, 449, 449, 449, 449, 449, 449, 449, 449, 449, 449, 449, 449, 449, 449, 449, 449, 449, 449, 449, 449, 449, 449, 449, 449, 449, 449, 449, 449, 449, 449]",0.043162322385298484,2.8014808749020013,0.029951732903384373,0.2945987660006192,0.0,128.0,0.30000001192092896,4.999999873689376e-05,9.923897,-0.004225723,9.926581,-0.0061505456,0.0051370854,0.41419277,0.0
354.45939640674715,136.99540342849045,287.5784867099149,449.0,12,4,59268,59268,59268,59268,5388,5388,59268,59268,False,132,11,1eff7_00000,f4c05afaa6c548bb9145335e3fe5e9fe,2022-06-26_13-12-28,1656241948,26.665199041366577,315.98729062080383,9997,Jordans-MacBook-Pro.local,127.0.0.1,315.98729062080383,0,11,2.82747220993042,103.0012393656981,24.011691954409226,207.03634164,59268,59268,59268,59268,354.45939640674715,136.99540342849045,287.5784867099149,449.0,12,"[136.99540342849045, 191.1313093480152, 215.5154177562783, 188.81638590631715, 231.9089246729467, 214.86040795866919, 257.70052995157596, 254.92785533980427, 238.3671601926694, 220.82023003402603, 203.80031471613304, 228.94423544226524, 204.7655404263327, 251.0605317771576, 217.6960908501296, 249.01549925651935, 269.1402039633972, 261.3831064560254, 258.0244462594304, 255.8062500550494, 241.68477460376332, 257.70888911157317, 225.34475905583886, 241.63273190963636, 250.8790191091542, 253.17413627766385, 221.97187502035055, 257.49346368680756, 249.96627825031257, 287.78734306651415, 240.59963628194728, 285.723079967343, 270.34786137803076, 290.38431622010944, 297.3189874493223, 296.5990318099008, 290.08801719762516, 266.760625701343, 274.7172238024244, 281.159412052688, 289.7603159854647, 291.6094620108205, 304.976506410468, 299.12398142873917, 299.0405250456653, 302.4377204550649, 351.47679854760213, 297.4502038501089, 285.1912095877875, 276.3085188175078, 298.32467407349725, 278.9374628570582, 326.1309743479237, 293.77698612356005, 298.0220446999929, 296.60862107244486, 324.94112624259947, 307.6647762432989, 293.7077492416938, 293.7237774487696, 280.09488832727277, 341.3918319365821, 350.5505025135237, 291.86796398131844, 316.7885911173271, 317.51310453547296, 316.8857048198008, 329.5736585482715, 338.2544442744039, 313.01073581291064, 307.25466796098726, 325.4464209500445, 297.00010881344474, 296.4460067245177, 298.6112887117148, 313.56957924024255, 332.99931847581433, 297.22795498010544, 353.24964115069724, 307.57907123240045, 306.8763598234849, 353.86445977899155, 317.25912402209553, 321.1876698460218, 327.82495181898616, 345.71252783621026, 333.9178916003592, 327.4529539859258, 351.0471416153722, 316.8711635397632, 342.94588565713343, 334.02057662916604, 282.7421706285222, 354.45939640674715, 349.20376518844876, 326.0063625302298, 299.6010915863644, 305.35846377595976, 342.8588954532579, 352.08759492794707]","[449, 449, 449, 449, 449, 449, 449, 449, 449, 449, 449, 449, 449, 449, 449, 449, 449, 449, 449, 449, 449, 449, 449, 449, 449, 449, 449, 449, 449, 449, 449, 449, 449, 449, 449, 449, 449, 449, 449, 449, 449, 449, 449, 449, 449, 449, 449, 449, 449, 449, 449, 449, 449, 449, 449, 449, 449, 449, 449, 449, 449, 449, 449, 449, 449, 449, 449, 449, 449, 449, 449, 449, 449, 449, 449, 449, 449, 449, 449, 449, 449, 449, 449, 449, 449, 449, 449, 449, 449, 449, 449, 449, 449, 449, 449, 449, 449, 449, 449, 449]",0.04292493082570898,2.7915238848824173,0.02959919721715517,0.2900828417844073,0.0,26231.143,0.631,8534331.553,9345.542,576.532,12.681,59268,59268,59268,59268,30.04736842105263,81.48947368421054,103.0012393656981,24.011691954409226,207.03634164,"[136.99540342849045, 191.1313093480152, 215.5154177562783, 188.81638590631715, 231.9089246729467, 214.86040795866919, 257.70052995157596, 254.92785533980427, 238.3671601926694, 220.82023003402603, 203.80031471613304, 228.94423544226524, 204.7655404263327, 251.0605317771576, 217.6960908501296, 249.01549925651935, 269.1402039633972, 261.3831064560254, 258.0244462594304, 255.8062500550494, 241.68477460376332, 257.70888911157317, 225.34475905583886, 241.63273190963636, 250.8790191091542, 253.17413627766385, 221.97187502035055, 257.49346368680756, 249.96627825031257, 287.78734306651415, 240.59963628194728, 285.723079967343, 270.34786137803076, 290.38431622010944, 297.3189874493223, 296.5990318099008, 290.08801719762516, 266.760625701343, 274.7172238024244, 281.159412052688, 289.7603159854647, 291.6094620108205, 304.976506410468, 299.12398142873917, 299.0405250456653, 302.4377204550649, 351.47679854760213, 297.4502038501089, 285.1912095877875, 276.3085188175078, 298.32467407349725, 278.9374628570582, 326.1309743479237, 293.77698612356005, 298.0220446999929, 296.60862107244486, 324.94112624259947, 307.6647762432989, 293.7077492416938, 293.7237774487696, 280.09488832727277, 341.3918319365821, 350.5505025135237, 291.86796398131844, 316.7885911173271, 317.51310453547296, 316.8857048198008, 329.5736585482715, 338.2544442744039, 313.01073581291064, 307.25466796098726, 325.4464209500445, 297.00010881344474, 296.4460067245177, 298.6112887117148, 313.56957924024255, 332.99931847581433, 297.22795498010544, 353.24964115069724, 307.57907123240045, 306.8763598234849, 353.86445977899155, 317.25912402209553, 321.1876698460218, 327.82495181898616, 345.71252783621026, 333.9178916003592, 327.4529539859258, 351.0471416153722, 316.8711635397632, 342.94588565713343, 334.02057662916604, 282.7421706285222, 354.45939640674715, 349.20376518844876, 326.0063625302298, 299.6010915863644, 305.35846377595976, 342.8588954532579, 352.08759492794707]","[449, 449, 449, 449, 449, 449, 449, 449, 449, 449, 449, 449, 449, 449, 449, 449, 449, 449, 449, 449, 449, 449, 449, 449, 449, 449, 449, 449, 449, 449, 449, 449, 449, 449, 449, 449, 449, 449, 449, 449, 449, 449, 449, 449, 449, 449, 449, 449, 449, 449, 449, 449, 449, 449, 449, 449, 449, 449, 449, 449, 449, 449, 449, 449, 449, 449, 449, 449, 449, 449, 449, 449, 449, 449, 449, 449, 449, 449, 449, 449, 449, 449, 449, 449, 449, 449, 449, 449, 449, 449, 449, 449, 449, 449, 449, 449, 449, 449, 449, 449]",0.04292493082570898,2.7915238848824173,0.02959919721715517,0.2900828417844073,0.0,128.0,0.30000001192092896,4.999999873689376e-05,9.925816,-0.005631929,9.929618,-0.013975938,0.006094854,0.40535173,0.0
367.3974562070364,204.7655404263327,302.9363674719457,449.0,12,4,64656,64656,64656,64656,5388,5388,64656,64656,False,144,12,1eff7_00000,f4c05afaa6c548bb9145335e3fe5e9fe,2022-06-26_13-12-55,1656241975,26.398218870162964,342.3855094909668,9997,Jordans-MacBook-Pro.local,127.0.0.1,342.3855094909668,0,12,2.82747220993042,117.47427089278025,33.30566654,219.16954993,64656,64656,64656,64656,367.3974562070364,204.7655404263327,302.9363674719457,449.0,12,"[204.7655404263327, 251.0605317771576, 217.6960908501296, 249.01549925651935, 269.1402039633972, 261.3831064560254, 258.0244462594304, 255.8062500550494, 241.68477460376332, 257.70888911157317, 225.34475905583886, 241.63273190963636, 250.8790191091542, 253.17413627766385, 221.97187502035055, 257.49346368680756, 249.96627825031257, 287.78734306651415, 240.59963628194728, 285.723079967343, 270.34786137803076, 290.38431622010944, 297.3189874493223, 296.5990318099008, 290.08801719762516, 266.760625701343, 274.7172238024244, 281.159412052688, 289.7603159854647, 291.6094620108205, 304.976506410468, 299.12398142873917, 299.0405250456653, 302.4377204550649, 351.47679854760213, 297.4502038501089, 285.1912095877875, 276.3085188175078, 298.32467407349725, 278.9374628570582, 326.1309743479237, 293.77698612356005, 298.0220446999929, 296.60862107244486, 324.94112624259947, 307.6647762432989, 293.7077492416938, 293.7237774487696, 280.09488832727277, 341.3918319365821, 350.5505025135237, 291.86796398131844, 316.7885911173271, 317.51310453547296, 316.8857048198008, 329.5736585482715, 338.2544442744039, 313.01073581291064, 307.25466796098726, 325.4464209500445, 297.00010881344474, 296.4460067245177, 298.6112887117148, 313.56957924024255, 332.99931847581433, 297.22795498010544, 353.24964115069724, 307.57907123240045, 306.8763598234849, 353.86445977899155, 317.25912402209553, 321.1876698460218, 327.82495181898616, 345.71252783621026, 333.9178916003592, 327.4529539859258, 351.0471416153722, 316.8711635397632, 342.94588565713343, 334.02057662916604, 282.7421706285222, 354.45939640674715, 349.20376518844876, 326.0063625302298, 299.6010915863644, 305.35846377595976, 342.8588954532579, 352.08759492794707, 354.3759469587309, 324.6251361447712, 354.038418812101, 358.0596834391383, 341.6904903107278, 347.4227038905856, 334.2302519532311, 367.3974562070364, 341.8786603773999, 333.49825424911205, 336.79349682709005, 325.56575178034507]","[449, 449, 449, 449, 449, 449, 449, 449, 449, 449, 449, 449, 449, 449, 449, 449, 449, 449, 449, 449, 449, 449, 449, 449, 449, 449, 449, 449, 449, 449, 449, 449, 449, 449, 449, 449, 449, 449, 449, 449, 449, 449, 449, 449, 449, 449, 449, 449, 449, 449, 449, 449, 449, 449, 449, 449, 449, 449, 449, 449, 449, 449, 449, 449, 449, 449, 449, 449, 449, 449, 449, 449, 449, 449, 449, 449, 449, 449, 449, 449, 449, 449, 449, 449, 449, 449, 449, 449, 449, 449, 449, 449, 449, 449, 449, 449, 449, 449, 449, 449]",0.04275386324857414,2.784943350224442,0.029348906635526775,0.28597630109890654,0.0,26036.535,0.525,10268031.238,9313.206,578.533,12.529,64656,64656,64656,64656,30.05945945945946,81.36486486486487,117.47427089278025,33.30566654,219.16954993,"[204.7655404263327, 251.0605317771576, 217.6960908501296, 249.01549925651935, 269.1402039633972, 261.3831064560254, 258.0244462594304, 255.8062500550494, 241.68477460376332, 257.70888911157317, 225.34475905583886, 241.63273190963636, 250.8790191091542, 253.17413627766385, 221.97187502035055, 257.49346368680756, 249.96627825031257, 287.78734306651415, 240.59963628194728, 285.723079967343, 270.34786137803076, 290.38431622010944, 297.3189874493223, 296.5990318099008, 290.08801719762516, 266.760625701343, 274.7172238024244, 281.159412052688, 289.7603159854647, 291.6094620108205, 304.976506410468, 299.12398142873917, 299.0405250456653, 302.4377204550649, 351.47679854760213, 297.4502038501089, 285.1912095877875, 276.3085188175078, 298.32467407349725, 278.9374628570582, 326.1309743479237, 293.77698612356005, 298.0220446999929, 296.60862107244486, 324.94112624259947, 307.6647762432989, 293.7077492416938, 293.7237774487696, 280.09488832727277, 341.3918319365821, 350.5505025135237, 291.86796398131844, 316.7885911173271, 317.51310453547296, 316.8857048198008, 329.5736585482715, 338.2544442744039, 313.01073581291064, 307.25466796098726, 325.4464209500445, 297.00010881344474, 296.4460067245177, 298.6112887117148, 313.56957924024255, 332.99931847581433, 297.22795498010544, 353.24964115069724, 307.57907123240045, 306.8763598234849, 353.86445977899155, 317.25912402209553, 321.1876698460218, 327.82495181898616, 345.71252783621026, 333.9178916003592, 327.4529539859258, 351.0471416153722, 316.8711635397632, 342.94588565713343, 334.02057662916604, 282.7421706285222, 354.45939640674715, 349.20376518844876, 326.0063625302298, 299.6010915863644, 305.35846377595976, 342.8588954532579, 352.08759492794707, 354.3759469587309, 324.6251361447712, 354.038418812101, 358.0596834391383, 341.6904903107278, 347.4227038905856, 334.2302519532311, 367.3974562070364, 341.8786603773999, 333.49825424911205, 336.79349682709005, 325.56575178034507]","[449, 449, 449, 449, 449, 449, 449, 449, 449, 449, 449, 449, 449, 449, 449, 449, 449, 449, 449, 449, 449, 449, 449, 449, 449, 449, 449, 449, 449, 449, 449, 449, 449, 449, 449, 449, 449, 449, 449, 449, 449, 449, 449, 449, 449, 449, 449, 449, 449, 449, 449, 449, 449, 449, 449, 449, 449, 449, 449, 449, 449, 449, 449, 449, 449, 449, 449, 449, 449, 449, 449, 449, 449, 449, 449, 449, 449, 449, 449, 449, 449, 449, 449, 449, 449, 449, 449, 449, 449, 449, 449, 449, 449, 449, 449, 449, 449, 449, 449, 449]",0.04275386324857414,2.784943350224442,0.029348906635526775,0.28597630109890654,0.0,128.0,0.30000001192092896,4.999999873689376e-05,9.928874,-0.0061035613,9.932347,-0.010467064,0.008767083,0.40077308,0.0
367.3974562070364,221.97187502035055,314.5382313711571,449.0,12,4,70044,70044,70044,70044,5388,5388,70044,70044,False,156,13,1eff7_00000,f4c05afaa6c548bb9145335e3fe5e9fe,2022-06-26_13-13-21,1656242001,26.433547973632812,368.8190574645996,9997,Jordans-MacBook-Pro.local,127.0.0.1,368.8190574645996,0,13,2.82747220993042,131.47207294217006,52.23022049,236.18349603,70044,70044,70044,70044,367.3974562070364,221.97187502035055,314.5382313711571,449.0,12,"[250.8790191091542, 253.17413627766385, 221.97187502035055, 257.49346368680756, 249.96627825031257, 287.78734306651415, 240.59963628194728, 285.723079967343, 270.34786137803076, 290.38431622010944, 297.3189874493223, 296.5990318099008, 290.08801719762516, 266.760625701343, 274.7172238024244, 281.159412052688, 289.7603159854647, 291.6094620108205, 304.976506410468, 299.12398142873917, 299.0405250456653, 302.4377204550649, 351.47679854760213, 297.4502038501089, 285.1912095877875, 276.3085188175078, 298.32467407349725, 278.9374628570582, 326.1309743479237, 293.77698612356005, 298.0220446999929, 296.60862107244486, 324.94112624259947, 307.6647762432989, 293.7077492416938, 293.7237774487696, 280.09488832727277, 341.3918319365821, 350.5505025135237, 291.86796398131844, 316.7885911173271, 317.51310453547296, 316.8857048198008, 329.5736585482715, 338.2544442744039, 313.01073581291064, 307.25466796098726, 325.4464209500445, 297.00010881344474, 296.4460067245177, 298.6112887117148, 313.56957924024255, 332.99931847581433, 297.22795498010544, 353.24964115069724, 307.57907123240045, 306.8763598234849, 353.86445977899155, 317.25912402209553, 321.1876698460218, 327.82495181898616, 345.71252783621026, 333.9178916003592, 327.4529539859258, 351.0471416153722, 316.8711635397632, 342.94588565713343, 334.02057662916604, 282.7421706285222, 354.45939640674715, 349.20376518844876, 326.0063625302298, 299.6010915863644, 305.35846377595976, 342.8588954532579, 352.08759492794707, 354.3759469587309, 324.6251361447712, 354.038418812101, 358.0596834391383, 341.6904903107278, 347.4227038905856, 334.2302519532311, 367.3974562070364, 341.8786603773999, 333.49825424911205, 336.79349682709005, 325.56575178034507, 364.22508533567463, 329.9446439743964, 344.4655471181444, 340.89343043310726, 356.14796273569186, 336.4454223544576, 341.1518709861489, 335.11010080029064, 317.2323046339361, 349.09435957760195, 341.2685620095881, 337.46992368695294]","[449, 449, 449, 449, 449, 449, 449, 449, 449, 449, 449, 449, 449, 449, 449, 449, 449, 449, 449, 449, 449, 449, 449, 449, 449, 449, 449, 449, 449, 449, 449, 449, 449, 449, 449, 449, 449, 449, 449, 449, 449, 449, 449, 449, 449, 449, 449, 449, 449, 449, 449, 449, 449, 449, 449, 449, 449, 449, 449, 449, 449, 449, 449, 449, 449, 449, 449, 449, 449, 449, 449, 449, 449, 449, 449, 449, 449, 449, 449, 449, 449, 449, 449, 449, 449, 449, 449, 449, 449, 449, 449, 449, 449, 449, 449, 449, 449, 449, 449, 449]",0.04263053881970814,2.7813618685674246,0.029185215989255827,0.28247570108879905,0.0,26027.488,0.526,10238723.248,9329.272,577.537,12.602,70044,70044,70044,70044,30.344736842105267,81.40789473684211,131.47207294217006,52.23022049,236.18349603,"[250.8790191091542, 253.17413627766385, 221.97187502035055, 257.49346368680756, 249.96627825031257, 287.78734306651415, 240.59963628194728, 285.723079967343, 270.34786137803076, 290.38431622010944, 297.3189874493223, 296.5990318099008, 290.08801719762516, 266.760625701343, 274.7172238024244, 281.159412052688, 289.7603159854647, 291.6094620108205, 304.976506410468, 299.12398142873917, 299.0405250456653, 302.4377204550649, 351.47679854760213, 297.4502038501089, 285.1912095877875, 276.3085188175078, 298.32467407349725, 278.9374628570582, 326.1309743479237, 293.77698612356005, 298.0220446999929, 296.60862107244486, 324.94112624259947, 307.6647762432989, 293.7077492416938, 293.7237774487696, 280.09488832727277, 341.3918319365821, 350.5505025135237, 291.86796398131844, 316.7885911173271, 317.51310453547296, 316.8857048198008, 329.5736585482715, 338.2544442744039, 313.01073581291064, 307.25466796098726, 325.4464209500445, 297.00010881344474, 296.4460067245177, 298.6112887117148, 313.56957924024255, 332.99931847581433, 297.22795498010544, 353.24964115069724, 307.57907123240045, 306.8763598234849, 353.86445977899155, 317.25912402209553, 321.1876698460218, 327.82495181898616, 345.71252783621026, 333.9178916003592, 327.4529539859258, 351.0471416153722, 316.8711635397632, 342.94588565713343, 334.02057662916604, 282.7421706285222, 354.45939640674715, 349.20376518844876, 326.0063625302298, 299.6010915863644, 305.35846377595976, 342.8588954532579, 352.08759492794707, 354.3759469587309, 324.6251361447712, 354.038418812101, 358.0596834391383, 341.6904903107278, 347.4227038905856, 334.2302519532311, 367.3974562070364, 341.8786603773999, 333.49825424911205, 336.79349682709005, 325.56575178034507, 364.22508533567463, 329.9446439743964, 344.4655471181444, 340.89343043310726, 356.14796273569186, 336.4454223544576, 341.1518709861489, 335.11010080029064, 317.2323046339361, 349.09435957760195, 341.2685620095881, 337.46992368695294]","[449, 449, 449, 449, 449, 449, 449, 449, 449, 449, 449, 449, 449, 449, 449, 449, 449, 449, 449, 449, 449, 449, 449, 449, 449, 449, 449, 449, 449, 449, 449, 449, 449, 449, 449, 449, 449, 449, 449, 449, 449, 449, 449, 449, 449, 449, 449, 449, 449, 449, 449, 449, 449, 449, 449, 449, 449, 449, 449, 449, 449, 449, 449, 449, 449, 449, 449, 449, 449, 449, 449, 449, 449, 449, 449, 449, 449, 449, 449, 449, 449, 449, 449, 449, 449, 449, 449, 449, 449, 449, 449, 449, 449, 449, 449, 449, 449, 449, 449, 449]",0.04263053881970814,2.7813618685674246,0.029185215989255827,0.28247570108879905,0.0,128.0,0.30000001192092896,4.999999873689376e-05,9.927704,-0.0046072383,9.93031,-0.00640519,0.0066673188,0.37438893,0.0
